{
  "editlens_auroc": 1.0,
  "our_auroc": 0.73,
  "n": 100,
  "threshold_eval": {
    "n_val": 50,
    "n_test": 50,
    "editlens": {
      "threshold": 0.4824824824824825,
      "accuracy": 1.0,
      "f1": 1.0,
      "auroc": 1.0,
      "fpr": 0.0,
      "fnr": 0.0,
      "tp": 26,
      "fp": 0,
      "tn": 24,
      "fn": 0,
      "val_f1": 1.0
    },
    "ours": {
      "threshold": 0.7057057057057057,
      "accuracy": 0.64,
      "f1": 0.6666666666666666,
      "auroc": 0.7099358974358975,
      "fpr": 0.4166666666666667,
      "fnr": 0.3076923076923077,
      "tp": 18,
      "fp": 10,
      "tn": 14,
      "fn": 8,
      "val_f1": 0.7111111111111111
    }
  }
}