{
  "overall": {
    "n_val": 298,
    "n_test": 298,
    "editlens": {
      "threshold": 0.06706706706706707,
      "accuracy": 0.7885906040268457,
      "f1": 0.7947882736156352,
      "auroc": 0.8471971881759192,
      "fpr": 0.22602739726027396,
      "fnr": 0.19736842105263158,
      "tp": 122,
      "fp": 33,
      "tn": 113,
      "fn": 30,
      "val_f1": 0.8129032258064516
    },
    "ours": {
      "threshold": 0.4014014014014014,
      "accuracy": 0.912751677852349,
      "f1": 0.9121621621621622,
      "auroc": 0.9693132660418169,
      "fpr": 0.06164383561643835,
      "fnr": 0.1118421052631579,
      "tp": 135,
      "fp": 9,
      "tn": 137,
      "fn": 17,
      "val_f1": 0.8664259927797833
    }
  },
  "domain_creative": {
    "n_val": 100,
    "n_test": 100,
    "editlens": {
      "threshold": 0.050050050050050046,
      "accuracy": 0.77,
      "f1": 0.7472527472527473,
      "auroc": 0.8254545454545456,
      "fpr": 0.21818181818181817,
      "fnr": 0.24444444444444444,
      "tp": 34,
      "fp": 12,
      "tn": 43,
      "fn": 11,
      "val_f1": 0.764705882352941
    },
    "ours": {
      "threshold": 0.08408408408408408,
      "accuracy": 0.85,
      "f1": 0.8514851485148515,
      "auroc": 0.9802020202020202,
      "fpr": 0.23636363636363636,
      "fnr": 0.044444444444444446,
      "tp": 43,
      "fp": 13,
      "tn": 42,
      "fn": 2,
      "val_f1": 0.9298245614035089
    }
  },
  "domain_news": {
    "n_val": 100,
    "n_test": 100,
    "editlens": {
      "threshold": 0.06906906906906907,
      "accuracy": 0.95,
      "f1": 0.9438202247191011,
      "auroc": 0.9749494949494949,
      "fpr": 0.03636363636363636,
      "fnr": 0.06666666666666667,
      "tp": 42,
      "fp": 2,
      "tn": 53,
      "fn": 3,
      "val_f1": 0.9245283018867925
    },
    "ours": {
      "threshold": 0.12612612612612611,
      "accuracy": 0.85,
      "f1": 0.8514851485148515,
      "auroc": 0.9652525252525253,
      "fpr": 0.23636363636363636,
      "fnr": 0.044444444444444446,
      "tp": 43,
      "fp": 13,
      "tn": 42,
      "fn": 2,
      "val_f1": 0.8793103448275862
    }
  },
  "domain_wikipedia": {
    "n_val": 98,
    "n_test": 98,
    "editlens": {
      "threshold": 0.05905905905905906,
      "accuracy": 0.6020408163265306,
      "f1": 0.6776859504132231,
      "auroc": 0.7095959595959597,
      "fpr": 0.6666666666666666,
      "fnr": 0.06818181818181818,
      "tp": 41,
      "fp": 36,
      "tn": 18,
      "fn": 3,
      "val_f1": 0.7899159663865547
    },
    "ours": {
      "threshold": 0.4014014014014014,
      "accuracy": 0.8979591836734694,
      "f1": 0.8936170212765957,
      "auroc": 0.9659090909090908,
      "fpr": 0.14814814814814814,
      "fnr": 0.045454545454545456,
      "tp": 42,
      "fp": 8,
      "tn": 46,
      "fn": 2,
      "val_f1": 0.8653846153846154
    }
  },
  "held_out_generators": {
    "n_val": 238,
    "n_test": 238,
    "editlens": {
      "threshold": 0.06706706706706707,
      "accuracy": 0.7773109243697479,
      "f1": 0.7336683417085427,
      "auroc": 0.8540834024583365,
      "fpr": 0.2483221476510067,
      "fnr": 0.1797752808988764,
      "tp": 73,
      "fp": 37,
      "tn": 112,
      "fn": 16,
      "val_f1": 0.7253886010362693
    },
    "ours": {
      "threshold": 0.4214214214214214,
      "accuracy": 0.8739495798319328,
      "f1": 0.8275862068965517,
      "auroc": 0.942839906492723,
      "fpr": 0.087248322147651,
      "fnr": 0.19101123595505617,
      "tp": 72,
      "fp": 13,
      "tn": 136,
      "fn": 17,
      "val_f1": 0.8757396449704142
    }
  },
  "src_deepseek-7b": {
    "n_val": 180,
    "n_test": 180,
    "editlens": {
      "threshold": 0.1881881881881882,
      "accuracy": 0.8611111111111112,
      "f1": 0.576271186440678,
      "auroc": 0.8631738471530634,
      "fpr": 0.0738255033557047,
      "fnr": 0.45161290322580644,
      "tp": 17,
      "fp": 11,
      "tn": 138,
      "fn": 14,
      "val_f1": 0.4615384615384615
    },
    "ours": {
      "threshold": 0.43243243243243246,
      "accuracy": 0.85,
      "f1": 0.5263157894736842,
      "auroc": 0.8434726131197229,
      "fpr": 0.0738255033557047,
      "fnr": 0.5161290322580645,
      "tp": 15,
      "fp": 11,
      "tn": 138,
      "fn": 16,
      "val_f1": 0.7540983606557378
    }
  },
  "src_gemma-7b": {
    "n_val": 178,
    "n_test": 178,
    "editlens": {
      "threshold": 0.3263263263263263,
      "accuracy": 0.9101123595505618,
      "f1": 0.7333333333333333,
      "auroc": 0.9138975966562174,
      "fpr": 0.034482758620689655,
      "fnr": 0.3333333333333333,
      "tp": 22,
      "fp": 5,
      "tn": 140,
      "fn": 11,
      "val_f1": 0.7368421052631579
    },
    "ours": {
      "threshold": 0.6586586586586587,
      "accuracy": 0.9325842696629213,
      "f1": 0.7857142857142857,
      "auroc": 0.9590386624869383,
      "fpr": 0.006896551724137931,
      "fnr": 0.3333333333333333,
      "tp": 22,
      "fp": 1,
      "tn": 144,
      "fn": 11,
      "val_f1": 0.7659574468085107
    }
  },
  "src_mistral-7b": {
    "n_val": 180,
    "n_test": 180,
    "editlens": {
      "threshold": 0.4194194194194194,
      "accuracy": 0.9055555555555556,
      "f1": 0.6530612244897959,
      "auroc": 0.8993288590604027,
      "fpr": 0.013422818791946308,
      "fnr": 0.4838709677419355,
      "tp": 16,
      "fp": 2,
      "tn": 147,
      "fn": 15,
      "val_f1": 0.6046511627906977
    },
    "ours": {
      "threshold": 0.7027027027027027,
      "accuracy": 0.9944444444444445,
      "f1": 0.9841269841269841,
      "auroc": 0.9980515263043949,
      "fpr": 0.006711409395973154,
      "fnr": 0.0,
      "tp": 31,
      "fp": 1,
      "tn": 148,
      "fn": 0,
      "val_f1": 0.8813559322033899
    }
  },
  "src_phi-3-mini": {
    "n_val": 180,
    "n_test": 180,
    "editlens": {
      "threshold": 0.24024024024024024,
      "accuracy": 0.9111111111111111,
      "f1": 0.7142857142857143,
      "auroc": 0.840225156960381,
      "fpr": 0.03355704697986577,
      "fnr": 0.3548387096774194,
      "tp": 20,
      "fp": 5,
      "tn": 144,
      "fn": 11,
      "val_f1": 0.576923076923077
    },
    "ours": {
      "threshold": 0.7817817817817818,
      "accuracy": 0.9833333333333333,
      "f1": 0.9508196721311475,
      "auroc": 0.9991340116908421,
      "fpr": 0.006711409395973154,
      "fnr": 0.06451612903225806,
      "tp": 29,
      "fp": 1,
      "tn": 148,
      "fn": 2,
      "val_f1": 0.9491525423728815
    }
  },
  "src_qwen-7b": {
    "n_val": 180,
    "n_test": 180,
    "editlens": {
      "threshold": 0.1881881881881882,
      "accuracy": 0.9166666666666666,
      "f1": 0.782608695652174,
      "auroc": 0.970556397488634,
      "fpr": 0.0738255033557047,
      "fnr": 0.12903225806451613,
      "tp": 27,
      "fp": 11,
      "tn": 138,
      "fn": 4,
      "val_f1": 0.7096774193548386
    },
    "ours": {
      "threshold": 0.39039039039039036,
      "accuracy": 0.9055555555555556,
      "f1": 0.7671232876712328,
      "auroc": 0.9411127949772677,
      "fpr": 0.09395973154362416,
      "fnr": 0.0967741935483871,
      "tp": 28,
      "fp": 14,
      "tn": 135,
      "fn": 3,
      "val_f1": 0.7
    }
  }
}