{
  "10": {
    "train_auroc": 0.8817857142857144,
    "held_out_auroc": 0.9219065656565657
  },
  "20": {
    "train_auroc": 0.9289285714285714,
    "held_out_auroc": 0.9607954545454546
  },
  "30": {
    "train_auroc": 0.943452380952381,
    "held_out_auroc": 0.9640151515151515
  },
  "40": {
    "train_auroc": 0.9532142857142857,
    "held_out_auroc": 0.9656565656565657
  },
  "50": {
    "train_auroc": 0.9569047619047619,
    "held_out_auroc": 0.9648989898989898
  },
  "final": {
    "train_auroc": 0.9569047619047619,
    "held_out_auroc": 0.9648989898989898
  }
}