{
  "10": {
    "train_auroc": 0.9350396825396826,
    "held_out_auroc": 0.9619318181818182
  },
  "20": {
    "train_auroc": 0.9597619047619047,
    "held_out_auroc": 0.9623737373737373
  },
  "30": {
    "train_auroc": 0.9633333333333334,
    "held_out_auroc": 0.9607323232323232
  },
  "40": {
    "train_auroc": 0.9648809523809524,
    "held_out_auroc": 0.9618055555555556
  },
  "50": {
    "train_auroc": 0.9665079365079365,
    "held_out_auroc": 0.9623106060606059
  },
  "final": {
    "train_auroc": 0.9665079365079365,
    "held_out_auroc": 0.9623106060606059
  }
}