{
  "10": {
    "train_auroc": 0.8682142857142856,
    "held_out_auroc": 0.8674873737373736
  },
  "20": {
    "train_auroc": 0.9134523809523809,
    "held_out_auroc": 0.9475378787878788
  },
  "30": {
    "train_auroc": 0.9432142857142857,
    "held_out_auroc": 0.959469696969697
  },
  "40": {
    "train_auroc": 0.9542460317460317,
    "held_out_auroc": 0.9616792929292929
  },
  "50": {
    "train_auroc": 0.957936507936508,
    "held_out_auroc": 0.9601641414141414
  },
  "final": {
    "train_auroc": 0.957936507936508,
    "held_out_auroc": 0.9601641414141414
  }
}